<?xml version="1.0" encoding="UTF-8"?>
<beans xmlns="http://www.springframework.org/schema/beans"
       xmlns:xsi="http://www.w3.org/2001/XMLSchema-instance"
       xmlns:tx="http://www.springframework.org/schema/tx"
       xmlns:context="http://www.springframework.org/schema/context"
       xsi:schemaLocation="http://www.springframework.org/schema/beans
       http://www.springframework.org/schema/beans/spring-beans.xsd
       http://www.springframework.org/schema/context
       http://www.springframework.org/schema/context/spring-context.xsd
        http://www.springframework.org/schema/tx
       http://www.springframework.org/schema/tx/spring-tx.xsd
       http://www.springframework.org/schema/cache
       http://www.springframework.org/schema/cache/spring-cache.xsd ">

 <context:property-placeholder location="classpath:jdbc.properties" system-properties-mode="ENVIRONMENT"/>

    <context:component-scan base-package = "restaurant.repository"/>
    <tx:annotation-driven transaction-manager="transactionManager" />

    <bean id="transactionManager" class="org.springframework.orm.hibernate3.HibernateTransactionManager">
    <property name = "sessionFactory" ref = "sessionFactory"></property>
    </bean>

    <bean id="dataSource" class="org.springframework.jdbc.datasource.DriverManagerDataSource">
        <property name="driverClassName" value="${jdbc.driverClassName}" />
        <property name="url" value="${jdbc.databaseurl}" />
        <property name="username" value="${jdbc.username}" />
        <property name="password" value="${jdbc.password}" />
    </bean>

    <bean id="sessionFactory"
          class="org.springframework.orm.hibernate3.LocalSessionFactoryBean">
        <property name="configLocation" value="classpath:hibernate.cfg.xml" />
        <property name="configurationClass" value="org.hibernate.cfg.AnnotationConfiguration"/>
        <property name="dataSource" ref="dataSource" />
        <property name="hibernateProperties">
            <props>
                <prop key="hibernate.dialect">${jdbc.dialect}</prop>
                <prop key="hibernate.show_sql">true</prop>
                <prop key="hibernate.connection.charSet">UTF-8</prop>
            </props>
        </property>
    </bean>

</beans>